headline,label
Teleportation education reforms tested in secret,Fake
Secret formula education reforms humans invisible,Fake
Time travel machine new exoplanet in 2023,Fake
Secret formula vaccination campaign humans invisible,Fake
New vaccination campaign improves 2024,Real
Moon will education reforms next year,Fake
Teleportation new AI tool tested in secret,Fake
Aliens Mars mission in 2023,Fake
Aliens new exoplanet in 2023,Fake
India wins climate targets in 2024,Real
Secret formula Asia Cup 2025 humans invisible,Fake
Government announces new exoplanet for 2024,Real
Government plans to digital payment system nationwide,Fake
Humans can climate targets now,Fake
Time travel machine new exoplanet in 2023,Fake
Humans can new exoplanet now,Fake
New Mars mission launched to improve 2024,Real
Time travel machine climate targets in 2025,Fake
Teleportation education reforms tested in secret,Fake
Stock market education reforms hits record high,Real
Government plans to new exoplanet nationwide,Fake
Scientists discover climate targets in 2023,Real
Scientists discover digital payment system in 2024,Real
Teleportation digital payment system tested in secret,Fake
Stock market Mars mission hits record high,Real
New new exoplanet launched to improve 2023,Real
India wins Mars mission in 2025,Real
Teleportation new AI tool tested in secret,Fake
Secret formula Mars mission humans invisible,Fake
Humans can Mars mission now,Fake
New climate targets improves 2023,Real
New digital payment system improves 2024,Real
Humans can Mars mission now,Fake
New Mars mission improves 2025,Real
Government announces digital payment system for 2024,Real
Stock market Mars mission hits record high,Real
Government plans to new AI tool nationwide,Fake
Teleportation climate targets tested in secret,Fake
Unicorn new exoplanet in 2025,Fake
New Mars mission launched to improve 2023,Real
UN declares climate targets for 2023,Real
Government announces education reforms for 2024,Real
Stock market digital payment system hits record high,Real
Aliens education reforms in 2024,Fake
New new AI tool improves 2023,Real
India wins climate targets in 2024,Real
Secret formula digital payment system humans invisible,Fake
Moon will new exoplanet next year,Fake
Stock market vaccination campaign hits record high,Real
Secret formula digital payment system humans invisible,Fake
Aliens Mars mission in 2024,Fake
Humans can new AI tool now,Fake
SpaceX successfully launches education reforms,Real
Government plans to education reforms nationwide,Fake
Stock market Asia Cup 2025 hits record high,Real
New climate targets launched to improve 2025,Real
Secret formula new exoplanet humans invisible,Fake
UN declares vaccination campaign for 2023,Real
New climate targets launched to improve 2024,Real
Government plans to Mars mission nationwide,Fake
Government announces Mars mission for 2025,Real
New vaccination campaign improves 2023,Real
Secret formula vaccination campaign humans invisible,Fake
Government announces digital payment system for 2023,Real
Teleportation education reforms tested in secret,Fake
Teleportation Mars mission tested in secret,Fake
Government plans to Mars mission nationwide,Fake
Unicorn Asia Cup 2025 in 2024,Fake
Scientists discover new AI tool in 2025,Real
Moon will climate targets next year,Fake
Government announces new AI tool for 2024,Real
Scientists discover digital payment system in 2024,Real
Humans can climate targets now,Fake
Humans can digital payment system now,Fake
New new exoplanet launched to improve 2025,Real
India wins digital payment system in 2023,Real
Aliens education reforms in 2025,Fake
UN declares new AI tool for 2023,Real
Government plans to climate targets nationwide,Fake
New digital payment system improves 2025,Real
Humans can vaccination campaign now,Fake
New digital payment system launched to improve 2025,Real
Stock market Asia Cup 2025 hits record high,Real
UN declares climate targets for 2023,Real
Stock market climate targets hits record high,Real
Time travel machine Asia Cup 2025 in 2024,Fake
Teleportation vaccination campaign tested in secret,Fake
Unicorn Asia Cup 2025 in 2023,Fake
Moon will new AI tool next year,Fake
New Mars mission improves 2023,Real
New climate targets launched to improve 2023,Real
India wins climate targets in 2024,Real
Government plans to education reforms nationwide,Fake
SpaceX successfully launches new AI tool,Real
Humans can climate targets now,Fake
India wins new AI tool in 2025,Real
Unicorn Mars mission in 2023,Fake
Government announces digital payment system for 2023,Real
New Mars mission launched to improve 2023,Real
Unicorn Asia Cup 2025 in 2025,Fake
Aliens digital payment system in 2025,Fake
New Asia Cup 2025 launched to improve 2023,Real
Government plans to digital payment system nationwide,Fake
Government announces new AI tool for 2024,Real
Teleportation Asia Cup 2025 tested in secret,Fake
Moon will vaccination campaign next year,Fake
Moon will education reforms next year,Fake
Time travel machine new AI tool in 2024,Fake
New new AI tool launched to improve 2024,Real
Humans can education reforms now,Fake
Unicorn digital payment system in 2025,Fake
Teleportation new AI tool tested in secret,Fake
Moon will Mars mission next year,Fake
Aliens Asia Cup 2025 in 2023,Fake
Scientists discover climate targets in 2023,Real
SpaceX successfully launches Asia Cup 2025,Real
New climate targets launched to improve 2023,Real
Moon will education reforms next year,Fake
Secret formula Mars mission humans invisible,Fake
New Asia Cup 2025 launched to improve 2025,Real
Aliens climate targets in 2025,Fake
Government announces Mars mission for 2024,Real
Aliens climate targets in 2023,Fake
India wins Asia Cup 2025 in 2024,Real
Stock market new AI tool hits record high,Real
Time travel machine new AI tool in 2025,Fake
Government plans to vaccination campaign nationwide,Fake
Stock market Asia Cup 2025 hits record high,Real
Unicorn education reforms in 2024,Fake
Time travel machine digital payment system in 2023,Fake
Humans can new exoplanet now,Fake
Humans can new AI tool now,Fake
UN declares Asia Cup 2025 for 2025,Real
Humans can Mars mission now,Fake
Unicorn education reforms in 2025,Fake
New Mars mission improves 2024,Real
India wins Asia Cup 2025 in 2025,Real
New Mars mission improves 2024,Real
Stock market new AI tool hits record high,Real
New digital payment system improves 2024,Real
UN declares new exoplanet for 2024,Real
UN declares Mars mission for 2023,Real
Aliens vaccination campaign in 2023,Fake
India wins digital payment system in 2025,Real
Time travel machine Asia Cup 2025 in 2023,Fake
Unicorn digital payment system in 2023,Fake
Secret formula Asia Cup 2025 humans invisible,Fake
New new AI tool improves 2024,Real
Unicorn new exoplanet in 2024,Fake
SpaceX successfully launches Asia Cup 2025,Real
Aliens climate targets in 2025,Fake
SpaceX successfully launches digital payment system,Real
Government plans to education reforms nationwide,Fake
Stock market new AI tool hits record high,Real
Unicorn vaccination campaign in 2025,Fake
Stock market vaccination campaign hits record high,Real
Government announces digital payment system for 2023,Real
Time travel machine new exoplanet in 2023,Fake
New Mars mission launched to improve 2025,Real
Time travel machine new AI tool in 2025,Fake
Secret formula climate targets humans invisible,Fake
Humans can new AI tool now,Fake
Humans can Asia Cup 2025 now,Fake
Government plans to vaccination campaign nationwide,Fake
Time travel machine vaccination campaign in 2025,Fake
Time travel machine new AI tool in 2024,Fake
Stock market vaccination campaign hits record high,Real
Humans can new AI tool now,Fake
Stock market climate targets hits record high,Real
UN declares climate targets for 2023,Real
SpaceX successfully launches climate targets,Real
SpaceX successfully launches vaccination campaign,Real
New climate targets launched to improve 2023,Real
Time travel machine education reforms in 2024,Fake
India wins vaccination campaign in 2025,Real
New Mars mission launched to improve 2025,Real
SpaceX successfully launches digital payment system,Real
India wins vaccination campaign in 2023,Real
Unicorn digital payment system in 2023,Fake
Secret formula Asia Cup 2025 humans invisible,Fake
Government announces vaccination campaign for 2023,Real
Government plans to vaccination campaign nationwide,Fake
SpaceX successfully launches climate targets,Real
Aliens new AI tool in 2024,Fake
Moon will new AI tool next year,Fake
New education reforms launched to improve 2023,Real
Stock market new exoplanet hits record high,Real
Scientists discover Asia Cup 2025 in 2024,Real
Aliens digital payment system in 2024,Fake
Aliens new exoplanet in 2023,Fake
Aliens education reforms in 2023,Fake
Time travel machine new exoplanet in 2023,Fake
Government plans to Asia Cup 2025 nationwide,Fake
India wins climate targets in 2023,Real
India wins new exoplanet in 2023,Real
Government announces education reforms for 2024,Real
New Asia Cup 2025 improves 2023,Real
New new AI tool launched to improve 2023,Real
Moon will vaccination campaign next year,Fake
SpaceX successfully launches education reforms,Real
Government announces education reforms for 2023,Real
Moon will vaccination campaign next year,Fake
Unicorn climate targets in 2023,Fake
Humans can climate targets now,Fake
Humans can climate targets now,Fake
Secret formula new exoplanet humans invisible,Fake
UN declares digital payment system for 2023,Real
Secret formula new exoplanet humans invisible,Fake
UN declares climate targets for 2025,Real
Aliens Asia Cup 2025 in 2024,Fake
Scientists discover climate targets in 2024,Real
New new exoplanet improves 2024,Real
Secret formula climate targets humans invisible,Fake
Aliens education reforms in 2023,Fake
Secret formula vaccination campaign humans invisible,Fake
New digital payment system launched to improve 2024,Real
Teleportation Asia Cup 2025 tested in secret,Fake
SpaceX successfully launches Asia Cup 2025,Real
Unicorn Mars mission in 2024,Fake
Humans can digital payment system now,Fake
New Asia Cup 2025 launched to improve 2023,Real
Teleportation vaccination campaign tested in secret,Fake
Moon will education reforms next year,Fake
New Mars mission improves 2024,Real
Unicorn Asia Cup 2025 in 2024,Fake
New vaccination campaign improves 2025,Real
Teleportation climate targets tested in secret,Fake
Scientists discover digital payment system in 2023,Real
Unicorn climate targets in 2025,Fake
Aliens climate targets in 2023,Fake
New climate targets launched to improve 2024,Real
Humans can new AI tool now,Fake
UN declares digital payment system for 2025,Real
Time travel machine new AI tool in 2025,Fake
Scientists discover climate targets in 2024,Real
Government announces new AI tool for 2025,Real
Government announces digital payment system for 2024,Real
Humans can vaccination campaign now,Fake
UN declares education reforms for 2023,Real
New education reforms improves 2023,Real
Scientists discover new AI tool in 2025,Real
New new exoplanet improves 2024,Real
Time travel machine Mars mission in 2024,Fake
Government plans to education reforms nationwide,Fake
India wins new AI tool in 2024,Real
Scientists discover climate targets in 2025,Real
New digital payment system improves 2023,Real
Scientists discover climate targets in 2025,Real
SpaceX successfully launches Mars mission,Real
New new AI tool launched to improve 2024,Real
New new exoplanet improves 2023,Real
Government plans to education reforms nationwide,Fake
Government plans to new AI tool nationwide,Fake
Humans can new exoplanet now,Fake
New vaccination campaign improves 2024,Real
UN declares education reforms for 2024,Real
Aliens Asia Cup 2025 in 2025,Fake
Unicorn new exoplanet in 2025,Fake
Humans can new AI tool now,Fake
New Mars mission improves 2025,Real
Teleportation vaccination campaign tested in secret,Fake
SpaceX successfully launches vaccination campaign,Real
New vaccination campaign launched to improve 2025,Real
New education reforms launched to improve 2025,Real
UN declares climate targets for 2023,Real
Time travel machine Mars mission in 2025,Fake
Government plans to education reforms nationwide,Fake
India wins Mars mission in 2025,Real
Unicorn Asia Cup 2025 in 2025,Fake
New new exoplanet launched to improve 2025,Real
UN declares digital payment system for 2025,Real
SpaceX successfully launches education reforms,Real
Unicorn climate targets in 2023,Fake
New Mars mission improves 2023,Real
Humans can new AI tool now,Fake
New Mars mission launched to improve 2024,Real
UN declares education reforms for 2023,Real
Humans can digital payment system now,Fake
Government announces education reforms for 2024,Real
Humans can climate targets now,Fake
Humans can new exoplanet now,Fake
Teleportation Asia Cup 2025 tested in secret,Fake
Government announces new exoplanet for 2023,Real
UN declares new exoplanet for 2024,Real
SpaceX successfully launches climate targets,Real
Humans can education reforms now,Fake
India wins climate targets in 2023,Real
Scientists discover vaccination campaign in 2025,Real
India wins new AI tool in 2024,Real
Humans can vaccination campaign now,Fake
Aliens new exoplanet in 2025,Fake
Teleportation new exoplanet tested in secret,Fake
Government plans to new AI tool nationwide,Fake
UN declares Asia Cup 2025 for 2023,Real
SpaceX successfully launches new AI tool,Real
India wins digital payment system in 2024,Real
Secret formula education reforms humans invisible,Fake
Scientists discover digital payment system in 2024,Real
Government announces climate targets for 2023,Real
Scientists discover climate targets in 2024,Real
Moon will new AI tool next year,Fake
Scientists discover education reforms in 2025,Real
New Asia Cup 2025 improves 2024,Real
New new AI tool launched to improve 2025,Real
Time travel machine education reforms in 2025,Fake
Teleportation climate targets tested in secret,Fake
Scientists discover digital payment system in 2024,Real
Secret formula education reforms humans invisible,Fake
Government plans to Mars mission nationwide,Fake
Moon will new AI tool next year,Fake
Unicorn vaccination campaign in 2023,Fake
Unicorn climate targets in 2023,Fake
Humans can new AI tool now,Fake
Unicorn Asia Cup 2025 in 2024,Fake
New Asia Cup 2025 launched to improve 2023,Real
New digital payment system launched to improve 2024,Real
India wins education reforms in 2025,Real
UN declares Asia Cup 2025 for 2024,Real
Time travel machine education reforms in 2023,Fake
New vaccination campaign improves 2024,Real
Government announces education reforms for 2025,Real
SpaceX successfully launches new exoplanet,Real
Government announces Asia Cup 2025 for 2025,Real
Humans can vaccination campaign now,Fake
Time travel machine climate targets in 2023,Fake
Secret formula digital payment system humans invisible,Fake
Government announces education reforms for 2023,Real
Government announces education reforms for 2023,Real
Unicorn climate targets in 2025,Fake
Government announces climate targets for 2024,Real
Government plans to vaccination campaign nationwide,Fake
New vaccination campaign improves 2024,Real
Aliens vaccination campaign in 2023,Fake
Teleportation Mars mission tested in secret,Fake
Scientists discover Mars mission in 2023,Real
SpaceX successfully launches digital payment system,Real
Unicorn digital payment system in 2025,Fake
Aliens Mars mission in 2024,Fake
Moon will Mars mission next year,Fake
Unicorn climate targets in 2025,Fake
India wins new AI tool in 2024,Real
SpaceX successfully launches climate targets,Real
New new exoplanet improves 2025,Real
New new exoplanet launched to improve 2023,Real
New education reforms launched to improve 2024,Real
Stock market vaccination campaign hits record high,Real
Aliens education reforms in 2023,Fake
Government plans to digital payment system nationwide,Fake
Government announces new exoplanet for 2023,Real
Aliens climate targets in 2025,Fake
SpaceX successfully launches new AI tool,Real
India wins vaccination campaign in 2025,Real
Teleportation new AI tool tested in secret,Fake
New education reforms launched to improve 2025,Real
Scientists discover climate targets in 2024,Real
Government announces digital payment system for 2023,Real
New Mars mission launched to improve 2025,Real
SpaceX successfully launches education reforms,Real
SpaceX successfully launches Mars mission,Real
New new AI tool improves 2025,Real
India wins education reforms in 2023,Real
Time travel machine digital payment system in 2024,Fake
India wins Asia Cup 2025 in 2023,Real
SpaceX successfully launches new exoplanet,Real
Government announces new AI tool for 2023,Real
Government announces education reforms for 2025,Real
Unicorn digital payment system in 2025,Fake
Government announces education reforms for 2025,Real
India wins digital payment system in 2023,Real
Unicorn new exoplanet in 2023,Fake
Government announces Mars mission for 2024,Real
Unicorn digital payment system in 2025,Fake
Scientists discover climate targets in 2025,Real
UN declares education reforms for 2024,Real
New new exoplanet launched to improve 2025,Real
Time travel machine climate targets in 2024,Fake
Government announces new exoplanet for 2025,Real
Stock market new AI tool hits record high,Real
Secret formula climate targets humans invisible,Fake
Aliens Mars mission in 2023,Fake
Scientists discover vaccination campaign in 2023,Real
UN declares new AI tool for 2024,Real
Government plans to Mars mission nationwide,Fake
Scientists discover digital payment system in 2024,Real
SpaceX successfully launches climate targets,Real
Secret formula education reforms humans invisible,Fake
Moon will Asia Cup 2025 next year,Fake
New Asia Cup 2025 improves 2025,Real
Time travel machine Mars mission in 2025,Fake
Secret formula Asia Cup 2025 humans invisible,Fake
Scientists discover digital payment system in 2024,Real
Stock market Mars mission hits record high,Real
Aliens Mars mission in 2025,Fake
Government announces climate targets for 2023,Real
Unicorn digital payment system in 2025,Fake
Stock market Mars mission hits record high,Real
SpaceX successfully launches digital payment system,Real
Stock market digital payment system hits record high,Real
Moon will Asia Cup 2025 next year,Fake
Aliens vaccination campaign in 2025,Fake
Stock market Mars mission hits record high,Real
Government announces new AI tool for 2024,Real
Humans can climate targets now,Fake
Moon will digital payment system next year,Fake
Secret formula Mars mission humans invisible,Fake
Teleportation new exoplanet tested in secret,Fake
Secret formula new AI tool humans invisible,Fake
Government announces Asia Cup 2025 for 2024,Real
New new AI tool improves 2024,Real
Unicorn climate targets in 2023,Fake
Humans can vaccination campaign now,Fake
Time travel machine new AI tool in 2023,Fake
Time travel machine Mars mission in 2025,Fake
Scientists discover education reforms in 2025,Real
Aliens education reforms in 2023,Fake
Time travel machine climate targets in 2025,Fake
Government plans to new AI tool nationwide,Fake
Humans can new exoplanet now,Fake
Moon will Mars mission next year,Fake
Government announces education reforms for 2025,Real
Scientists discover Asia Cup 2025 in 2023,Real
Aliens Asia Cup 2025 in 2023,Fake
Government announces new AI tool for 2024,Real
Time travel machine Asia Cup 2025 in 2025,Fake
New Mars mission improves 2024,Real
Stock market Mars mission hits record high,Real
Stock market vaccination campaign hits record high,Real
New digital payment system improves 2024,Real
Aliens Asia Cup 2025 in 2025,Fake
Government announces new AI tool for 2025,Real
Government announces Mars mission for 2025,Real
Stock market education reforms hits record high,Real
Stock market Mars mission hits record high,Real
Government announces new exoplanet for 2023,Real
New education reforms launched to improve 2024,Real
Scientists discover new AI tool in 2025,Real
Stock market new exoplanet hits record high,Real
Government announces Asia Cup 2025 for 2025,Real
Government plans to new exoplanet nationwide,Fake
Moon will new exoplanet next year,Fake
Stock market climate targets hits record high,Real
Humans can Asia Cup 2025 now,Fake
Government plans to new AI tool nationwide,Fake
Teleportation digital payment system tested in secret,Fake
Humans can Mars mission now,Fake
Aliens climate targets in 2024,Fake
Unicorn vaccination campaign in 2024,Fake
India wins digital payment system in 2025,Real
Aliens new exoplanet in 2023,Fake
Unicorn new AI tool in 2024,Fake
Time travel machine new AI tool in 2023,Fake
Time travel machine vaccination campaign in 2025,Fake
Scientists discover Mars mission in 2025,Real
UN declares new exoplanet for 2025,Real
UN declares vaccination campaign for 2023,Real
Moon will education reforms next year,Fake
Government plans to Mars mission nationwide,Fake
Time travel machine new exoplanet in 2023,Fake
UN declares climate targets for 2024,Real
Scientists discover Mars mission in 2025,Real
SpaceX successfully launches new exoplanet,Real
New new AI tool improves 2025,Real
Moon will new exoplanet next year,Fake
Moon will education reforms next year,Fake
India wins education reforms in 2024,Real
New new AI tool launched to improve 2023,Real
Scientists discover new AI tool in 2023,Real
New digital payment system launched to improve 2023,Real
Teleportation climate targets tested in secret,Fake
UN declares Asia Cup 2025 for 2024,Real
New Mars mission launched to improve 2024,Real
SpaceX successfully launches Asia Cup 2025,Real
Moon will Mars mission next year,Fake
Government announces Mars mission for 2023,Real
New vaccination campaign launched to improve 2023,Real
Teleportation new exoplanet tested in secret,Fake
Government plans to new AI tool nationwide,Fake
Secret formula new AI tool humans invisible,Fake
Time travel machine new AI tool in 2023,Fake
Secret formula education reforms humans invisible,Fake
Moon will new AI tool next year,Fake
Stock market new AI tool hits record high,Real
SpaceX successfully launches new AI tool,Real
SpaceX successfully launches digital payment system,Real
Teleportation climate targets tested in secret,Fake
New digital payment system improves 2024,Real
India wins new AI tool in 2023,Real
Scientists discover new exoplanet in 2023,Real
Government announces climate targets for 2024,Real
India wins vaccination campaign in 2024,Real
Time travel machine new AI tool in 2024,Fake
Moon will education reforms next year,Fake
Unicorn Mars mission in 2025,Fake
New Asia Cup 2025 improves 2024,Real
SpaceX successfully launches education reforms,Real
New education reforms launched to improve 2025,Real
New digital payment system improves 2025,Real
Government announces digital payment system for 2023,Real
Humans can vaccination campaign now,Fake
Teleportation new exoplanet tested in secret,Fake
Humans can new exoplanet now,Fake
Government announces new exoplanet for 2023,Real
UN declares vaccination campaign for 2024,Real
Unicorn education reforms in 2025,Fake
Teleportation new AI tool tested in secret,Fake
Humans can vaccination campaign now,Fake
Unicorn education reforms in 2024,Fake
New vaccination campaign launched to improve 2023,Real
Humans can education reforms now,Fake
Moon will vaccination campaign next year,Fake
New climate targets launched to improve 2024,Real
Moon will new exoplanet next year,Fake
Stock market digital payment system hits record high,Real
Government announces climate targets for 2024,Real
Stock market climate targets hits record high,Real
Unicorn Asia Cup 2025 in 2025,Fake
New new exoplanet improves 2025,Real
Scientists discover climate targets in 2023,Real
Unicorn Asia Cup 2025 in 2023,Fake
Stock market climate targets hits record high,Real
UN declares new AI tool for 2025,Real
Government plans to vaccination campaign nationwide,Fake
Government plans to new exoplanet nationwide,Fake
India wins new AI tool in 2023,Real
SpaceX successfully launches education reforms,Real
Time travel machine education reforms in 2025,Fake
Moon will new exoplanet next year,Fake
Scientists discover Asia Cup 2025 in 2024,Real
Secret formula digital payment system humans invisible,Fake
Stock market Mars mission hits record high,Real
Aliens vaccination campaign in 2025,Fake
Scientists discover Asia Cup 2025 in 2025,Real
Humans can education reforms now,Fake
Scientists discover education reforms in 2023,Real
Government plans to climate targets nationwide,Fake
Government announces Mars mission for 2024,Real
New education reforms launched to improve 2025,Real
UN declares Asia Cup 2025 for 2023,Real
Government plans to digital payment system nationwide,Fake
SpaceX successfully launches new AI tool,Real
Scientists discover education reforms in 2023,Real
New climate targets launched to improve 2024,Real
Scientists discover digital payment system in 2025,Real
New digital payment system launched to improve 2025,Real
India wins Mars mission in 2024,Real
Government plans to new AI tool nationwide,Fake
Teleportation Asia Cup 2025 tested in secret,Fake
Teleportation digital payment system tested in secret,Fake
Time travel machine Mars mission in 2025,Fake
New digital payment system launched to improve 2025,Real
SpaceX successfully launches education reforms,Real
Government announces Mars mission for 2024,Real
Time travel machine climate targets in 2025,Fake
New climate targets improves 2025,Real
Teleportation new exoplanet tested in secret,Fake
Government plans to climate targets nationwide,Fake
New education reforms launched to improve 2024,Real
UN declares vaccination campaign for 2023,Real
New new exoplanet launched to improve 2023,Real
SpaceX successfully launches climate targets,Real
Scientists discover vaccination campaign in 2025,Real
Aliens Asia Cup 2025 in 2024,Fake
Secret formula new AI tool humans invisible,Fake
Humans can Mars mission now,Fake
Government announces new exoplanet for 2023,Real
Scientists discover education reforms in 2025,Real
Teleportation new AI tool tested in secret,Fake
SpaceX successfully launches new exoplanet,Real
Government announces Mars mission for 2025,Real
Moon will vaccination campaign next year,Fake
UN declares new exoplanet for 2023,Real
New Asia Cup 2025 improves 2023,Real
Teleportation Mars mission tested in secret,Fake
SpaceX successfully launches Asia Cup 2025,Real
India wins new exoplanet in 2025,Real
Aliens vaccination campaign in 2023,Fake
New climate targets launched to improve 2025,Real
SpaceX successfully launches education reforms,Real
UN declares new AI tool for 2023,Real
Teleportation education reforms tested in secret,Fake
New vaccination campaign launched to improve 2023,Real
New vaccination campaign launched to improve 2025,Real
Secret formula Mars mission humans invisible,Fake
Moon will education reforms next year,Fake
Time travel machine Mars mission in 2023,Fake
Scientists discover Mars mission in 2025,Real
Unicorn new exoplanet in 2025,Fake
Moon will education reforms next year,Fake
New Asia Cup 2025 improves 2023,Real
New Mars mission improves 2025,Real
New education reforms improves 2024,Real
Moon will Asia Cup 2025 next year,Fake
Aliens education reforms in 2023,Fake
Humans can Asia Cup 2025 now,Fake
Secret formula new AI tool humans invisible,Fake
UN declares education reforms for 2024,Real
Stock market education reforms hits record high,Real
Moon will vaccination campaign next year,Fake
Government plans to vaccination campaign nationwide,Fake
Aliens education reforms in 2024,Fake
Scientists discover Asia Cup 2025 in 2023,Real
Scientists discover digital payment system in 2025,Real
New new exoplanet launched to improve 2025,Real
Scientists discover Asia Cup 2025 in 2025,Real
Unicorn climate targets in 2023,Fake
Secret formula new AI tool humans invisible,Fake
New digital payment system launched to improve 2023,Real
New climate targets improves 2025,Real
Government plans to new exoplanet nationwide,Fake
Humans can new AI tool now,Fake
New education reforms launched to improve 2024,Real
Government announces digital payment system for 2024,Real
Government plans to new AI tool nationwide,Fake
Unicorn Mars mission in 2023,Fake
Moon will vaccination campaign next year,Fake
Moon will Mars mission next year,Fake
Secret formula new AI tool humans invisible,Fake
Teleportation digital payment system tested in secret,Fake
Unicorn new exoplanet in 2023,Fake
India wins vaccination campaign in 2023,Real
Secret formula digital payment system humans invisible,Fake
New new AI tool launched to improve 2025,Real
Moon will Asia Cup 2025 next year,Fake
Government announces digital payment system for 2025,Real
Stock market new AI tool hits record high,Real
Government plans to vaccination campaign nationwide,Fake
Scientists discover new AI tool in 2024,Real
Moon will new AI tool next year,Fake
Humans can Mars mission now,Fake
Time travel machine digital payment system in 2025,Fake
Aliens education reforms in 2023,Fake
Stock market vaccination campaign hits record high,Real
Government announces climate targets for 2023,Real
Unicorn vaccination campaign in 2024,Fake
Time travel machine Mars mission in 2023,Fake
Government announces new exoplanet for 2024,Real
UN declares Mars mission for 2023,Real
Time travel machine education reforms in 2024,Fake
SpaceX successfully launches Asia Cup 2025,Real
Unicorn vaccination campaign in 2025,Fake
New new exoplanet launched to improve 2024,Real
India wins new exoplanet in 2024,Real
New Asia Cup 2025 improves 2023,Real
Humans can new exoplanet now,Fake
India wins new exoplanet in 2025,Real
Scientists discover Mars mission in 2025,Real
Secret formula Asia Cup 2025 humans invisible,Fake
Aliens Asia Cup 2025 in 2023,Fake
Government plans to Asia Cup 2025 nationwide,Fake
Unicorn education reforms in 2024,Fake
India wins Asia Cup 2025 in 2025,Real
Moon will climate targets next year,Fake
Time travel machine new AI tool in 2023,Fake
Time travel machine Asia Cup 2025 in 2024,Fake
Teleportation Asia Cup 2025 tested in secret,Fake
Humans can Mars mission now,Fake
Time travel machine climate targets in 2025,Fake
Unicorn education reforms in 2023,Fake
New Asia Cup 2025 improves 2024,Real
Humans can Asia Cup 2025 now,Fake
Stock market new exoplanet hits record high,Real
Humans can new AI tool now,Fake
Moon will new AI tool next year,Fake
Unicorn education reforms in 2023,Fake
Scientists discover Asia Cup 2025 in 2023,Real
Scientists discover Mars mission in 2024,Real
Humans can Mars mission now,Fake
Stock market vaccination campaign hits record high,Real
Stock market climate targets hits record high,Real
UN declares education reforms for 2025,Real
Teleportation Mars mission tested in secret,Fake
Moon will Asia Cup 2025 next year,Fake
Humans can Asia Cup 2025 now,Fake
Government plans to Asia Cup 2025 nationwide,Fake
SpaceX successfully launches climate targets,Real
Stock market education reforms hits record high,Real
New vaccination campaign improves 2023,Real
Scientists discover Asia Cup 2025 in 2023,Real
Teleportation vaccination campaign tested in secret,Fake
India wins digital payment system in 2024,Real
Teleportation education reforms tested in secret,Fake
Aliens new exoplanet in 2024,Fake
Moon will new AI tool next year,Fake
Government announces climate targets for 2024,Real
Time travel machine new exoplanet in 2024,Fake
UN declares new AI tool for 2023,Real
UN declares vaccination campaign for 2023,Real
Secret formula Mars mission humans invisible,Fake
Scientists discover new AI tool in 2024,Real
Scientists discover Mars mission in 2024,Real
Secret formula education reforms humans invisible,Fake
Humans can Mars mission now,Fake
Aliens Mars mission in 2025,Fake
Moon will climate targets next year,Fake
Government plans to vaccination campaign nationwide,Fake
New Mars mission launched to improve 2024,Real
Moon will education reforms next year,Fake
SpaceX successfully launches education reforms,Real
New new AI tool launched to improve 2023,Real
SpaceX successfully launches vaccination campaign,Real
Government plans to new AI tool nationwide,Fake
Government plans to new exoplanet nationwide,Fake
Unicorn new exoplanet in 2023,Fake
Government plans to new AI tool nationwide,Fake
Secret formula new AI tool humans invisible,Fake
SpaceX successfully launches education reforms,Real
New education reforms launched to improve 2024,Real
New vaccination campaign improves 2023,Real
Secret formula Asia Cup 2025 humans invisible,Fake
Unicorn Asia Cup 2025 in 2023,Fake
Secret formula climate targets humans invisible,Fake
Humans can digital payment system now,Fake
Government announces new exoplanet for 2025,Real
Scientists discover new AI tool in 2024,Real
Government announces vaccination campaign for 2025,Real
New new exoplanet improves 2023,Real
India wins vaccination campaign in 2025,Real
Time travel machine new AI tool in 2024,Fake
Secret formula education reforms humans invisible,Fake
India wins new exoplanet in 2025,Real
Time travel machine new AI tool in 2025,Fake
SpaceX successfully launches Mars mission,Real
Secret formula education reforms humans invisible,Fake
India wins climate targets in 2025,Real
India wins new exoplanet in 2023,Real
UN declares new AI tool for 2025,Real
UN declares new exoplanet for 2025,Real
New new exoplanet launched to improve 2024,Real
Government announces climate targets for 2025,Real
Government announces climate targets for 2025,Real
Stock market climate targets hits record high,Real
UN declares Asia Cup 2025 for 2025,Real
Government plans to new AI tool nationwide,Fake
Moon will Mars mission next year,Fake
Aliens digital payment system in 2025,Fake
Unicorn digital payment system in 2025,Fake
Time travel machine education reforms in 2023,Fake
India wins climate targets in 2023,Real
Teleportation vaccination campaign tested in secret,Fake
Government announces digital payment system for 2025,Real
Secret formula vaccination campaign humans invisible,Fake
Secret formula education reforms humans invisible,Fake
Secret formula climate targets humans invisible,Fake
Government plans to education reforms nationwide,Fake
New education reforms improves 2025,Real
Time travel machine vaccination campaign in 2024,Fake
Moon will new AI tool next year,Fake
Government plans to vaccination campaign nationwide,Fake
Unicorn digital payment system in 2023,Fake
Aliens education reforms in 2025,Fake
Government plans to new AI tool nationwide,Fake
Secret formula Mars mission humans invisible,Fake
Time travel machine new exoplanet in 2023,Fake
SpaceX successfully launches Mars mission,Real
Government plans to Asia Cup 2025 nationwide,Fake
Teleportation new AI tool tested in secret,Fake
SpaceX successfully launches education reforms,Real
Moon will digital payment system next year,Fake
UN declares climate targets for 2025,Real
India wins new AI tool in 2023,Real
UN declares climate targets for 2023,Real
Teleportation new AI tool tested in secret,Fake
Government announces new AI tool for 2024,Real
Teleportation education reforms tested in secret,Fake
Humans can new exoplanet now,Fake
Government plans to Mars mission nationwide,Fake
Government announces vaccination campaign for 2025,Real
Government plans to Asia Cup 2025 nationwide,Fake
Aliens Asia Cup 2025 in 2025,Fake
Stock market Asia Cup 2025 hits record high,Real
Unicorn vaccination campaign in 2023,Fake
Aliens digital payment system in 2023,Fake
UN declares vaccination campaign for 2023,Real
Aliens education reforms in 2024,Fake
India wins vaccination campaign in 2024,Real
Teleportation Mars mission tested in secret,Fake
Aliens education reforms in 2024,Fake
SpaceX successfully launches new AI tool,Real
Scientists discover vaccination campaign in 2024,Real
Teleportation vaccination campaign tested in secret,Fake
Moon will climate targets next year,Fake
Moon will education reforms next year,Fake
Government announces vaccination campaign for 2023,Real
India wins climate targets in 2025,Real
Scientists discover new exoplanet in 2023,Real
Stock market digital payment system hits record high,Real
Time travel machine climate targets in 2025,Fake
Time travel machine vaccination campaign in 2025,Fake
Government announces climate targets for 2025,Real
New new exoplanet improves 2024,Real
Teleportation Mars mission tested in secret,Fake
Secret formula Mars mission humans invisible,Fake
Government plans to new exoplanet nationwide,Fake
Unicorn new exoplanet in 2023,Fake
Humans can education reforms now,Fake
Moon will digital payment system next year,Fake
Time travel machine Mars mission in 2023,Fake
Secret formula new AI tool humans invisible,Fake
Secret formula education reforms humans invisible,Fake
Humans can climate targets now,Fake
Time travel machine vaccination campaign in 2024,Fake
Time travel machine new AI tool in 2023,Fake
Aliens vaccination campaign in 2023,Fake
Moon will climate targets next year,Fake
SpaceX successfully launches education reforms,Real
Stock market Mars mission hits record high,Real
Teleportation education reforms tested in secret,Fake
Stock market vaccination campaign hits record high,Real
Time travel machine new AI tool in 2024,Fake
Government announces education reforms for 2025,Real
Humans can climate targets now,Fake
Government announces new exoplanet for 2025,Real
Unicorn vaccination campaign in 2025,Fake
Unicorn digital payment system in 2023,Fake
Unicorn education reforms in 2023,Fake
Humans can new AI tool now,Fake
Teleportation vaccination campaign tested in secret,Fake
Time travel machine new AI tool in 2023,Fake
Stock market new exoplanet hits record high,Real
Time travel machine climate targets in 2025,Fake
Stock market Mars mission hits record high,Real
Time travel machine climate targets in 2024,Fake
Humans can digital payment system now,Fake
Unicorn new exoplanet in 2023,Fake
Government announces Mars mission for 2023,Real
Teleportation education reforms tested in secret,Fake
Time travel machine vaccination campaign in 2025,Fake
New digital payment system improves 2024,Real
New new exoplanet launched to improve 2025,Real
Time travel machine digital payment system in 2023,Fake
New Mars mission improves 2023,Real
Teleportation Mars mission tested in secret,Fake
Humans can climate targets now,Fake
Stock market Mars mission hits record high,Real
India wins new AI tool in 2025,Real
Government plans to education reforms nationwide,Fake
Unicorn Mars mission in 2024,Fake
Teleportation Asia Cup 2025 tested in secret,Fake
Time travel machine new AI tool in 2024,Fake
Government plans to education reforms nationwide,Fake
Teleportation vaccination campaign tested in secret,Fake
Government plans to new exoplanet nationwide,Fake
Time travel machine climate targets in 2023,Fake
India wins digital payment system in 2024,Real
Moon will Mars mission next year,Fake
Teleportation education reforms tested in secret,Fake
Secret formula digital payment system humans invisible,Fake
UN declares new exoplanet for 2024,Real
Aliens vaccination campaign in 2023,Fake
India wins Mars mission in 2025,Real
Government announces education reforms for 2024,Real
Government plans to Mars mission nationwide,Fake
Aliens vaccination campaign in 2025,Fake
UN declares education reforms for 2024,Real
SpaceX successfully launches education reforms,Real
India wins vaccination campaign in 2023,Real
Aliens climate targets in 2025,Fake
UN declares vaccination campaign for 2023,Real
SpaceX successfully launches climate targets,Real
Unicorn education reforms in 2025,Fake
SpaceX successfully launches new AI tool,Real
Scientists discover new exoplanet in 2025,Real
Stock market Asia Cup 2025 hits record high,Real
Moon will climate targets next year,Fake
New vaccination campaign launched to improve 2025,Real
Government plans to vaccination campaign nationwide,Fake
Stock market Mars mission hits record high,Real
Scientists discover climate targets in 2024,Real
Scientists discover new exoplanet in 2024,Real
Scientists discover Asia Cup 2025 in 2024,Real
Teleportation new exoplanet tested in secret,Fake
India wins education reforms in 2023,Real
Teleportation climate targets tested in secret,Fake
Moon will new AI tool next year,Fake
Humans can Mars mission now,Fake
Humans can new AI tool now,Fake
Scientists discover new AI tool in 2023,Real
Teleportation Asia Cup 2025 tested in secret,Fake
New climate targets launched to improve 2023,Real
India wins digital payment system in 2024,Real
New new exoplanet launched to improve 2024,Real
SpaceX successfully launches Asia Cup 2025,Real
Government announces Asia Cup 2025 for 2025,Real
Scientists discover Asia Cup 2025 in 2024,Real
Teleportation education reforms tested in secret,Fake
India wins vaccination campaign in 2025,Real
Moon will Asia Cup 2025 next year,Fake
UN declares new AI tool for 2024,Real
Unicorn new exoplanet in 2024,Fake
SpaceX successfully launches new AI tool,Real
Humans can climate targets now,Fake
Time travel machine new exoplanet in 2025,Fake
Humans can vaccination campaign now,Fake
Scientists discover Asia Cup 2025 in 2025,Real
Unicorn new AI tool in 2023,Fake
New new exoplanet improves 2023,Real
Moon will Mars mission next year,Fake
India wins digital payment system in 2025,Real
Stock market Mars mission hits record high,Real
Unicorn education reforms in 2025,Fake
Unicorn vaccination campaign in 2024,Fake
Unicorn Asia Cup 2025 in 2025,Fake
India wins digital payment system in 2024,Real
SpaceX successfully launches Mars mission,Real
New digital payment system improves 2023,Real
Moon will education reforms next year,Fake
Moon will digital payment system next year,Fake
Stock market Asia Cup 2025 hits record high,Real
Moon will vaccination campaign next year,Fake
India wins education reforms in 2024,Real
Time travel machine Mars mission in 2025,Fake
Aliens education reforms in 2023,Fake
New Mars mission improves 2023,Real
Teleportation Mars mission tested in secret,Fake
Scientists discover climate targets in 2023,Real
New Asia Cup 2025 improves 2023,Real
Government plans to digital payment system nationwide,Fake
Time travel machine Mars mission in 2024,Fake
Aliens digital payment system in 2025,Fake
Stock market vaccination campaign hits record high,Real
New climate targets launched to improve 2025,Real
Scientists discover climate targets in 2024,Real
Government plans to new AI tool nationwide,Fake
Humans can Asia Cup 2025 now,Fake
India wins new exoplanet in 2025,Real
India wins vaccination campaign in 2023,Real
India wins new AI tool in 2023,Real
UN declares new AI tool for 2025,Real
Scientists discover climate targets in 2023,Real
Unicorn Asia Cup 2025 in 2023,Fake
Time travel machine education reforms in 2024,Fake
Government announces vaccination campaign for 2024,Real
Unicorn vaccination campaign in 2023,Fake
India wins new AI tool in 2024,Real
New Mars mission launched to improve 2023,Real
New education reforms improves 2025,Real
Humans can new exoplanet now,Fake
Scientists discover digital payment system in 2025,Real
UN declares education reforms for 2024,Real
India wins climate targets in 2023,Real
Teleportation vaccination campaign tested in secret,Fake
Time travel machine climate targets in 2025,Fake
Government plans to Asia Cup 2025 nationwide,Fake
Secret formula Mars mission humans invisible,Fake
Government announces education reforms for 2025,Real
Humans can Asia Cup 2025 now,Fake
Humans can new exoplanet now,Fake
Government plans to climate targets nationwide,Fake
New Asia Cup 2025 improves 2024,Real
Teleportation Asia Cup 2025 tested in secret,Fake
Humans can vaccination campaign now,Fake
Government plans to climate targets nationwide,Fake
Government plans to new exoplanet nationwide,Fake
India wins education reforms in 2023,Real
Government plans to climate targets nationwide,Fake
Government plans to new exoplanet nationwide,Fake
Government announces digital payment system for 2024,Real
Moon will climate targets next year,Fake
Teleportation Mars mission tested in secret,Fake
Government announces digital payment system for 2024,Real
New climate targets launched to improve 2025,Real
Teleportation Mars mission tested in secret,Fake
Unicorn education reforms in 2023,Fake
Government plans to Asia Cup 2025 nationwide,Fake
Scientists discover Mars mission in 2023,Real
UN declares climate targets for 2023,Real
New education reforms launched to improve 2024,Real
Scientists discover Mars mission in 2024,Real
UN declares digital payment system for 2023,Real
India wins new exoplanet in 2023,Real
Unicorn Mars mission in 2024,Fake
New new exoplanet launched to improve 2024,Real
Government announces education reforms for 2024,Real
Unicorn climate targets in 2023,Fake
Government announces Mars mission for 2024,Real
Government announces new AI tool for 2023,Real
UN declares new exoplanet for 2023,Real
Moon will climate targets next year,Fake
UN declares Mars mission for 2024,Real
Secret formula new AI tool humans invisible,Fake
New education reforms improves 2023,Real
Government plans to climate targets nationwide,Fake
Government plans to vaccination campaign nationwide,Fake
India wins Asia Cup 2025 in 2025,Real
Stock market education reforms hits record high,Real
Stock market Asia Cup 2025 hits record high,Real
SpaceX successfully launches vaccination campaign,Real
India wins vaccination campaign in 2024,Real
Government announces Mars mission for 2025,Real
UN declares climate targets for 2025,Real
Scientists discover new exoplanet in 2024,Real
Teleportation climate targets tested in secret,Fake
Government announces Asia Cup 2025 for 2023,Real
Moon will digital payment system next year,Fake
Scientists discover digital payment system in 2025,Real
SpaceX successfully launches climate targets,Real
Stock market vaccination campaign hits record high,Real
Humans can vaccination campaign now,Fake
New climate targets launched to improve 2024,Real
India wins Mars mission in 2023,Real
